Termelés_átlag,Termelés_szórás,Fogyasztás_átlag,Fogyasztás_szórás
724.9911111111112,130.08903563298176,798.8888888888887,145.29517013530236
